{"cameraMode":{"drawMode":0,"name":"Shaded","section":"Shading Mode"},"sceneLighting":false,"audioPlay":false,"sceneViewState":{"m_AlwaysRefresh":false,"showFog":false,"showSkybox":false,"showFlares":true,"showImageEffects":true,"showParticleSystems":true,"showVisualEffectGraphs":true,"m_FxEnabled":true},"in2DMode":false,"pivot":{"x":-18.201622009277345,"y":2.884425401687622,"z":-0.19697657227516175},"rotation":{"x":0.11559238284826279,"y":-0.00041574204806238413,"z":0.0021332274191081526,"w":0.9936450719833374},"size":6.777997016906738,"orthographic":false}