{"cameraMode":{"drawMode":0,"name":"Shaded","section":"Shading Mode"},"sceneLighting":false,"audioPlay":false,"sceneViewState":{"m_AlwaysRefresh":false,"showFog":false,"showSkybox":false,"showFlares":true,"showImageEffects":true,"showParticleSystems":true,"showVisualEffectGraphs":true,"m_FxEnabled":true},"in2DMode":false,"pivot":{"x":-25.704309463500978,"y":4.478426933288574,"z":-44.973758697509769},"rotation":{"x":-0.3400408625602722,"y":0.012104739435017109,"z":-0.004734606947749853,"w":-0.9408853054046631},"size":10.64061450958252,"orthographic":false}