{"cameraMode":{"drawMode":0,"name":"Shaded","section":"Shading Mode"},"sceneLighting":true,"audioPlay":false,"sceneViewState":{"m_AlwaysRefresh":false,"showFog":false,"showSkybox":true,"showFlares":true,"showImageEffects":true,"showParticleSystems":true,"showVisualEffectGraphs":true,"m_FxEnabled":true},"in2DMode":false,"pivot":{"x":160.51254272460938,"y":106.25999450683594,"z":-18.889997482299806},"rotation":{"x":-0.11774060130119324,"y":-0.31933075189590456,"z":0.036002226173877719,"w":-0.9402979016304016},"size":1.9992202520370484,"orthographic":false}