{"cameraMode":{"drawMode":0,"name":"Shaded","section":"Shading Mode"},"sceneLighting":true,"audioPlay":false,"sceneViewState":{"m_AlwaysRefresh":false,"showFog":false,"showSkybox":true,"showFlares":true,"showImageEffects":true,"showParticleSystems":true,"showVisualEffectGraphs":true,"m_FxEnabled":true},"in2DMode":false,"pivot":{"x":221.1673583984375,"y":17.748661041259767,"z":206.76467895507813},"rotation":{"x":-0.23451931774616242,"y":0.30286091566085818,"z":-0.07676751166582108,"w":-0.9206637740135193},"size":18.990949630737306,"orthographic":false}