{"cameraMode":{"drawMode":0,"name":"Shaded","section":"Shading Mode"},"sceneLighting":true,"audioPlay":false,"sceneViewState":{"m_AlwaysRefresh":false,"showFog":true,"showSkybox":true,"showFlares":true,"showImageEffects":true,"showParticleSystems":true,"showVisualEffectGraphs":true,"m_FxEnabled":true},"in2DMode":false,"pivot":{"x":-22.36246681213379,"y":-6.587978363037109,"z":0.38724517822265627},"rotation":{"x":-0.05426616221666336,"y":0.02604602463543415,"z":-0.0013974978355690837,"w":-0.9982289671897888},"size":39.93965530395508,"orthographic":false}