{"cameraMode":{"drawMode":0,"name":"Shaded","section":"Shading Mode"},"sceneLighting":true,"audioPlay":false,"sceneViewState":{"m_AlwaysRefresh":false,"showFog":false,"showSkybox":true,"showFlares":true,"showImageEffects":true,"showParticleSystems":true,"showVisualEffectGraphs":true,"m_FxEnabled":true},"in2DMode":false,"pivot":{"x":-20.278188705444337,"y":-23.54098892211914,"z":23.337635040283204},"rotation":{"x":-0.40280044078826907,"y":-0.004052522126585245,"z":-0.0007797075668349862,"w":-0.9159479737281799},"size":46.227149963378909,"orthographic":false}