{"cameraMode":{"drawMode":0,"name":"Shaded","section":"Shading Mode"},"sceneLighting":true,"audioPlay":false,"sceneViewState":{"m_AlwaysRefresh":false,"showFog":true,"showSkybox":true,"showFlares":true,"showImageEffects":true,"showParticleSystems":true,"showVisualEffectGraphs":true,"m_FxEnabled":true},"in2DMode":false,"pivot":{"x":-198.3914337158203,"y":88.46713256835938,"z":-146.86904907226563},"rotation":{"x":-0.023385414853692056,"y":-0.6318561434745789,"z":0.019275905564427377,"w":-0.7745450735092163},"size":7.824913024902344,"orthographic":false}