{"cameraMode":{"drawMode":0,"name":"Shaded","section":"Shading Mode"},"sceneLighting":true,"audioPlay":false,"sceneViewState":{"m_AlwaysRefresh":false,"showFog":false,"showSkybox":true,"showFlares":true,"showImageEffects":true,"showParticleSystems":true,"showVisualEffectGraphs":true,"m_FxEnabled":true},"in2DMode":false,"pivot":{"x":65.10935974121094,"y":148.6224365234375,"z":460.97601318359377},"rotation":{"x":-0.3624363839626312,"y":-0.028303811326622964,"z":0.008286562748253346,"w":-0.9319952130317688},"size":49.823707580566409,"orthographic":false}