{"cameraMode":{"drawMode":0,"name":"Shaded","section":"Shading Mode"},"sceneLighting":true,"audioPlay":false,"sceneViewState":{"m_AlwaysRefresh":false,"showFog":true,"showSkybox":true,"showFlares":true,"showImageEffects":true,"showParticleSystems":true,"showVisualEffectGraphs":true,"m_FxEnabled":true},"in2DMode":false,"pivot":{"x":-11.444735527038575,"y":1.2303876876831055,"z":0.17062950134277345},"rotation":{"x":-0.14955459535121919,"y":-0.04981403425335884,"z":0.007543256040662527,"w":-0.9874714612960815},"size":12.034282684326172,"orthographic":false}