{"cameraMode":{"drawMode":0,"name":"Shaded","section":"Shading Mode"},"sceneLighting":true,"audioPlay":false,"sceneViewState":{"m_AlwaysRefresh":false,"showFog":false,"showSkybox":true,"showFlares":true,"showImageEffects":true,"showParticleSystems":true,"showVisualEffectGraphs":true,"m_FxEnabled":true},"in2DMode":false,"pivot":{"x":222.7288055419922,"y":-19.399517059326173,"z":250.64047241210938},"rotation":{"x":-0.3044518530368805,"y":-0.007607648614794016,"z":0.003059590235352516,"w":-0.9527139663696289},"size":44.648685455322269,"orthographic":false}