{"cameraMode":{"drawMode":0,"name":"Shaded","section":"Shading Mode"},"sceneLighting":true,"audioPlay":false,"sceneViewState":{"m_AlwaysRefresh":false,"showFog":false,"showSkybox":true,"showFlares":true,"showImageEffects":true,"showParticleSystems":true,"showVisualEffectGraphs":true,"m_FxEnabled":true},"in2DMode":false,"pivot":{"x":148.20762634277345,"y":91.52825927734375,"z":4.293765068054199},"rotation":{"x":0.34923428297042849,"y":-0.5760561227798462,"z":0.30096548795700076,"w":0.6759831309318543},"size":12.851815223693848,"orthographic":false}