{"cameraMode":{"drawMode":0,"name":"Shaded","section":"Shading Mode"},"sceneLighting":true,"audioPlay":false,"sceneViewState":{"m_AlwaysRefresh":false,"showFog":true,"showSkybox":true,"showFlares":true,"showImageEffects":true,"showParticleSystems":true,"showVisualEffectGraphs":true,"m_FxEnabled":true},"in2DMode":false,"pivot":{"x":-34.08689880371094,"y":124.67832946777344,"z":-144.85845947265626},"rotation":{"x":0.040329352021217349,"y":0.6880064010620117,"z":-0.03853778913617134,"w":0.7236077189445496},"size":59.02348709106445,"orthographic":false}