{"cameraMode":{"drawMode":0,"name":"Shaded","section":"Shading Mode"},"sceneLighting":true,"audioPlay":false,"sceneViewState":{"m_AlwaysRefresh":false,"showFog":false,"showSkybox":true,"showFlares":true,"showImageEffects":true,"showParticleSystems":true,"showVisualEffectGraphs":true,"m_FxEnabled":true},"in2DMode":false,"pivot":{"x":-71.81227111816406,"y":-126.21560668945313,"z":128.67005920410157},"rotation":{"x":0.29642611742019656,"y":-0.11205960810184479,"z":0.037664566189050677,"w":0.948126494884491},"size":133.4127655029297,"orthographic":false}