{"cameraMode":{"drawMode":0,"name":"Shaded","section":"Shading Mode"},"sceneLighting":true,"audioPlay":false,"sceneViewState":{"m_AlwaysRefresh":false,"showFog":false,"showSkybox":true,"showFlares":true,"showImageEffects":true,"showParticleSystems":true,"showVisualEffectGraphs":true,"m_FxEnabled":true},"in2DMode":false,"pivot":{"x":-16.659595489501954,"y":145.03028869628907,"z":-116.87592315673828},"rotation":{"x":-0.08025246858596802,"y":-0.3324253261089325,"z":0.025778625160455705,"w":-0.9400628805160523},"size":29.583755493164064,"orthographic":false}