{"cameraMode":{"drawMode":0,"name":"Shaded","section":"Shading Mode"},"sceneLighting":true,"audioPlay":false,"sceneViewState":{"m_AlwaysRefresh":false,"showFog":true,"showSkybox":true,"showFlares":true,"showImageEffects":true,"showParticleSystems":true,"showVisualEffectGraphs":true,"m_FxEnabled":true},"in2DMode":false,"pivot":{"x":-11.751761436462403,"y":3.534773826599121,"z":33.71688461303711},"rotation":{"x":-0.0662408173084259,"y":-0.024846484884619714,"z":0.0016501153586432338,"w":-0.9975000619888306},"size":30.63025665283203,"orthographic":false}