{"cameraMode":{"drawMode":0,"name":"Shaded","section":"Shading Mode"},"sceneLighting":false,"audioPlay":false,"sceneViewState":{"m_AlwaysRefresh":false,"showFog":false,"showSkybox":false,"showFlares":true,"showImageEffects":true,"showParticleSystems":true,"showVisualEffectGraphs":true,"m_FxEnabled":true},"in2DMode":false,"pivot":{"x":-0.14060021936893464,"y":10.464380264282227,"z":-0.3883149325847626},"rotation":{"x":-0.22581139206886292,"y":-0.6634931564331055,"z":0.679991602897644,"w":-0.21752595901489259},"size":0.7844197154045105,"orthographic":false}