{"cameraMode":{"drawMode":0,"name":"Shaded","section":"Shading Mode"},"sceneLighting":false,"audioPlay":false,"sceneViewState":{"m_AlwaysRefresh":false,"showFog":false,"showSkybox":false,"showFlares":true,"showImageEffects":true,"showParticleSystems":true,"showVisualEffectGraphs":true,"m_FxEnabled":true},"in2DMode":false,"pivot":{"x":-0.05319017171859741,"y":0.4881381392478943,"z":1.3665345907211304},"rotation":{"x":0.03056570328772068,"y":-0.9671075940132141,"z":0.16479243338108064,"w":0.19350741803646089},"size":2.7802603244781496,"orthographic":false}