{"cameraMode":{"drawMode":0,"name":"Shaded","section":"Shading Mode"},"sceneLighting":false,"audioPlay":false,"sceneViewState":{"m_AlwaysRefresh":false,"showFog":false,"showSkybox":false,"showFlares":true,"showImageEffects":true,"showParticleSystems":true,"showVisualEffectGraphs":true,"m_FxEnabled":true},"in2DMode":false,"pivot":{"x":240.8529510498047,"y":22.308706283569337,"z":203.81175231933595},"rotation":{"x":0.5122522711753845,"y":-0.015456734225153923,"z":0.00922239851206541,"w":0.858652651309967},"size":2.2443151473999025,"orthographic":true}