{"cameraMode":{"drawMode":0,"name":"Shaded","section":"Shading Mode"},"sceneLighting":false,"audioPlay":false,"sceneViewState":{"m_AlwaysRefresh":false,"showFog":false,"showSkybox":false,"showFlares":true,"showImageEffects":true,"showParticleSystems":true,"showVisualEffectGraphs":true,"m_FxEnabled":true},"in2DMode":false,"pivot":{"x":240.8529510498047,"y":22.308706283569337,"z":203.81175231933595},"rotation":{"x":0.07728986442089081,"y":0.028410932049155237,"z":-0.0022036517038941385,"w":0.9966045022010803},"size":2.2443151473999025,"orthographic":true}