{"cameraMode":{"drawMode":0,"name":"Shaded","section":"Shading Mode"},"sceneLighting":false,"audioPlay":false,"sceneViewState":{"m_AlwaysRefresh":false,"showFog":false,"showSkybox":false,"showFlares":true,"showImageEffects":true,"showParticleSystems":true,"showVisualEffectGraphs":true,"m_FxEnabled":true},"in2DMode":false,"pivot":{"x":-41.13254165649414,"y":6.278703212738037,"z":-56.97322082519531},"rotation":{"x":0.0025709872134029867,"y":0.9846661686897278,"z":-0.17795106768608094,"w":0.0035884175449609758},"size":3.3969838619232179,"orthographic":false}