{"cameraMode":{"drawMode":0,"name":"Shaded","section":"Shading Mode"},"sceneLighting":false,"audioPlay":false,"sceneViewState":{"m_AlwaysRefresh":false,"showFog":false,"showSkybox":false,"showFlares":true,"showImageEffects":true,"showParticleSystems":true,"showVisualEffectGraphs":true,"m_FxEnabled":true},"in2DMode":false,"pivot":{"x":1.6698681116104127,"y":0.45186948776245119,"z":-0.3794797658920288},"rotation":{"x":0.5698701739311218,"y":0.29852864146232607,"z":-0.2332671582698822,"w":0.7292705178260803},"size":5.799997329711914,"orthographic":false}