{"cameraMode":{"drawMode":0,"name":"Shaded","section":"Shading Mode"},"sceneLighting":false,"audioPlay":false,"sceneViewState":{"m_AlwaysRefresh":false,"showFog":false,"showSkybox":false,"showFlares":true,"showImageEffects":true,"showParticleSystems":true,"showVisualEffectGraphs":true,"m_FxEnabled":true},"in2DMode":false,"pivot":{"x":-11.146612167358399,"y":142.7077178955078,"z":-124.28095245361328},"rotation":{"x":-0.2277991771697998,"y":-0.12195353209972382,"z":0.026804998517036439,"w":-0.9661989808082581},"size":0.8660253882408142,"orthographic":false}