{"cameraMode":{"drawMode":0,"name":"Shaded","section":"Shading Mode"},"sceneLighting":false,"audioPlay":false,"sceneViewState":{"m_AlwaysRefresh":false,"showFog":true,"showSkybox":false,"showFlares":true,"showImageEffects":true,"showParticleSystems":true,"showVisualEffectGraphs":true,"m_FxEnabled":true},"in2DMode":false,"pivot":{"x":-11.146612167358399,"y":142.7077178955078,"z":-124.28095245361328},"rotation":{"x":0.07487016171216965,"y":-0.09856273978948593,"z":0.007437094114720821,"w":0.9922840595245361},"size":0.4330126941204071,"orthographic":false}