{"cameraMode":{"drawMode":0,"name":"Shaded","section":"Shading Mode"},"sceneLighting":false,"audioPlay":false,"sceneViewState":{"m_AlwaysRefresh":false,"showFog":false,"showSkybox":false,"showFlares":true,"showImageEffects":true,"showParticleSystems":true,"showVisualEffectGraphs":true,"m_FxEnabled":true},"in2DMode":false,"pivot":{"x":0.6260659694671631,"y":-2.7165355682373049,"z":-2.344768524169922},"rotation":{"x":-0.37966203689575198,"y":-0.061127256602048877,"z":0.025531208142638208,"w":-0.9228790998458862},"size":14.200002670288086,"orthographic":false}