{"cameraMode":{"drawMode":0,"name":"Shaded","section":"Shading Mode"},"sceneLighting":false,"audioPlay":false,"sceneViewState":{"m_AlwaysRefresh":false,"showFog":false,"showSkybox":false,"showFlares":true,"showImageEffects":true,"showParticleSystems":true,"showVisualEffectGraphs":true,"m_FxEnabled":true},"in2DMode":false,"pivot":{"x":-21.859201431274415,"y":3.957390069961548,"z":11.65372371673584},"rotation":{"x":0.2766718864440918,"y":0.07135441154241562,"z":-0.017956187948584558,"w":0.9585463404655457},"size":3.3067760467529299,"orthographic":false}