{"cameraMode":{"drawMode":0,"name":"Shaded","section":"Shading Mode"},"sceneLighting":false,"audioPlay":false,"sceneViewState":{"m_AlwaysRefresh":false,"showFog":false,"showSkybox":false,"showFlares":true,"showImageEffects":true,"showParticleSystems":true,"showVisualEffectGraphs":true,"m_FxEnabled":true},"in2DMode":false,"pivot":{"x":-0.8972123265266419,"y":-7.5706634521484379,"z":4.323539733886719},"rotation":{"x":-0.4353892505168915,"y":-0.018077511340379716,"z":0.006388024892657995,"w":-0.9005176424980164},"size":16.063379287719728,"orthographic":false}