{"cameraMode":{"drawMode":0,"name":"Shaded","section":"Shading Mode"},"sceneLighting":false,"audioPlay":false,"sceneViewState":{"m_AlwaysRefresh":false,"showFog":false,"showSkybox":false,"showFlares":true,"showImageEffects":true,"showParticleSystems":true,"showVisualEffectGraphs":true,"m_FxEnabled":true},"in2DMode":false,"pivot":{"x":195.11036682128907,"y":15.180604934692383,"z":214.2598419189453},"rotation":{"x":-0.14558306336402894,"y":-0.34652626514434817,"z":0.055216167122125629,"w":-0.9252082705497742},"size":8.081799507141114,"orthographic":false}