{"cameraMode":{"drawMode":0,"name":"Shaded","section":"Shading Mode"},"sceneLighting":false,"audioPlay":false,"sceneViewState":{"m_AlwaysRefresh":false,"showFog":false,"showSkybox":false,"showFlares":true,"showImageEffects":true,"showParticleSystems":true,"showVisualEffectGraphs":true,"m_FxEnabled":true},"in2DMode":false,"pivot":{"x":0.0982513427734375,"y":2.3358330726623537,"z":-0.030252456665039064},"rotation":{"x":0.3086881637573242,"y":-0.13069018721580506,"z":0.04249178245663643,"w":0.9413869380950928},"size":4.3322858810424809,"orthographic":false}