{"cameraMode":{"drawMode":0,"name":"Shaded","section":"Shading Mode"},"sceneLighting":false,"audioPlay":false,"sceneViewState":{"m_AlwaysRefresh":false,"showFog":false,"showSkybox":false,"showFlares":true,"showImageEffects":true,"showParticleSystems":true,"showVisualEffectGraphs":true,"m_FxEnabled":true},"in2DMode":false,"pivot":{"x":240.54100036621095,"y":21.56999969482422,"z":204.37600708007813},"rotation":{"x":0.12898868322372437,"y":-0.003362655872479081,"z":0.0025296059902757408,"w":0.9919891357421875},"size":1.1033082008361817,"orthographic":false}